wellid,year,sampledate,daynum,ph,ph_bubbled,cond,alk,dic,doc,no3no2,nh4n,totn,totp,drsi,brsi,cl,so4,ca,mg,na,k,fe,mn,flagph,flagph_bubbled,flagalk,flagdic,flagdoc,flagno3no2,flagnh4n,flagtotn,flagtotp,flagdrsi,flagbrsi,flagcl,flagso4,flagca,flagmg,flagna,flagk,flagfe,flagmn
"D3",1984,1984-11-07 00:00:00,312,7.73,,,1699,,,70.1,11,,,7718,,11.59,5.45,23.95,5.76,3.64,2.38,,,,,,,,,,,,,,,,,,,,,
"D3",1985,1985-03-16 00:00:00,75,7.34,,,1604,,,20.4,10,,,7759,,9.88,5.40,27.20,10.44,3.62,2.47,,,,,,,,,,"E","E",,,,,,,,"E",,
"D3",1985,1985-06-01 00:00:00,152,7.46,,,1655,,,0.0,24,,,7729,,,5.11,27.00,6.75,1.05,2.45,,,,,,,,,,,,,,,,,,,,,
"D3",1985,1985-08-22 00:00:00,234,,,,,,,0.0,35,,,7538,,11.95,4.78,26.87,6.85,2.01,2.37,,,,,,,,,,,,,,"E",,,,,,,
"D3",1985,1985-11-16 00:00:00,320,7.51,,,1987,,,0.0,57,,,7885,,10.80,4.33,25.02,6.63,3.72,2.27,,,,,,,,,,,"E",,,,,"E",,,,,
"D3",1986,1986-03-01 00:00:00,60,,,,,,,,,,,,,,,,,,,,,,,,,,,,,,,,,,,,,,,
"D3",1986,1986-05-13 00:00:00,133,7.87,,,1629,,,42.1,23,,,7326,,5.86,5.16,25.67,6.49,3.49,2.16,,,,,,,,,,,,,,,,,,,,,
"D3",1986,1986-09-03 00:00:00,246,7.73,,,1530,,,62.5,13,,,7543,,16.10,5.89,24.25,6.56,3.57,2.14,,,,,,,,,,,,,,,,,,,,,
"D3",1986,1986-11-05 00:00:00,309,7.80,,,1662,,,,,,,7954,,13.98,5.37,24.47,6.29,3.44,2.13,,,,,,,,,,,,,,,,,,,,,
"D3",1987,1987-11-16 00:00:00,320,7.63,,,,19.86,1.25,,,,,,,9.98,6.37,26.13,6.65,3.40,2.20,,,,,,,,,,,,,,,,,,,,,"E"
"D3",1988,1988-10-27 00:00:00,301,7.96,,182,1582,20.14,1.37,93.0,13,49,4,8269,6788,10.48,5.95,26.62,6.35,,2.10,0.00,0.12,,,,,,,,"E","E",,,,,,,,"E",,
"D3",1989,1989-10-24 00:00:00,297,7.67,,196,1570,20.29,4.08,86.0,15,126,9,8291,8136,9.36,6.26,,6.39,,2.08,0.00,0.07,,,,,,"G","G",,,,,,,"H","E",,,,
"D3",1990,1990-11-15 00:00:00,319,7.86,,199,1550,20.00,1.94,97.0,6,115,5,8870,8943,8.38,6.45,25.56,6.11,3.72,1.97,0.06,0.09,,,,,,,,,,,,,,"H",,"H","H",,
"D3",1991,1991-10-23 00:00:00,296,7.47,,191,1594,20.40,1.44,80.0,8,121,14,7887,8098,6.85,6.75,,5.89,,2.00,,,,,,,,,,,,,,,"E",,,,,,
"D3",1992,1992-12-15 00:00:00,350,7.61,,188,1575,19.30,1.67,,17,324,49,8415,8207,6.07,6.61,24.49,5.97,3.56,2.11,0.00,0.03,,,,,,"G",,"D",,,,,"B",,,,,,
"D3",1993,1993-11-29 00:00:00,333,7.85,,179,1561,19.45,1.10,181.0,12,163,7,8721,8879,5.89,6.69,22.86,5.99,3.56,1.82,0.00,0.05,,,,,,,,,,,"E",,,"HE",,,,,
"D3",1994,1994-12-20 00:00:00,354,7.69,,,1597,19.63,1.21,51.0,13,153,10,7719,7602,7.43,6.88,27.30,7.32,3.78,1.92,0.00,0.08,,,,,,,,,,,,,,,,,,,
"D3",1996,1996-11-20 00:00:00,325,7.92,8.35,183,1458,19.09,1.16,74.0,7,0,36,14915,13257,7.49,6.73,22.88,6.36,3.94,2.66,2.47,0.12,,,,,,,,,,"E","E",,,,,,,,
"D3",1997,1997-11-10 00:00:00,314,7.98,,196,1512,19.40,1.37,78.0,26,95,14,7678,7465,7.66,6.26,24.41,5.99,3.78,1.96,0.05,0.08,,,,,,,,,,,,,,,,,,,
"D3",1998,1998-10-27 00:00:00,300,7.90,8.17,185,2822,19.42,0.95,105.0,4,74,8,8943,8766,8.16,6.69,21.19,5.96,3.52,1.83,0.00,0.02,,,,,,,,,"E",,,,,,,,,,
"D3",1999,1999-10-29 00:00:00,302,7.85,8.23,191,2987,19.83,0.98,85.0,7,293,16,7881,8397,7.97,5.36,24.62,6.06,3.91,2.08,0.02,0.02,,,,,,,,,,,,"E",,,,,,,
"D3",2000,2000-11-29 00:00:00,303,7.87,8.10,188,1549,19.20,1.18,82.0,13,217,8,8863,8854,7.73,5.58,23.03,5.77,3.86,1.88,0.01,0.02,,,,,,,,,,,,,,,,,,,
"D3",2001,2001-11-05 00:00:00,309,7.85,8.14,193,1485,18.58,1.27,85.0,10,122,38,9101,8989,5.94,5.53,26.81,6.88,3.88,1.73,0.00,0.02,,,,,,,,,,,,,,,,,,,
"D3",2002,2002-10-28 00:00:00,301,7.74,7.72,185,1415,17.87,0.75,85.0,2,154,7,9613,9608,7.33,5.94,21.70,5.65,3.64,1.61,0.01,0.01,,,,,,,,,,,,"E","E",,,,,,
"D3",2003,2003-10-09 00:00:00,282,7.90,8.03,176,1662,19.27,0.72,70.0,3,139,11,9070,,,,,,,,,,,,,,,,,,,,,"C","C","C","C","C","C","C","C"
"D3",2004,2004-10-20 00:00:00,294,7.78,8.15,175,1615,17.68,1.37,3.0,16,125,9,8357,,0.84,0.84,23.60,5.66,3.68,1.63,0.00,0.20,,,,,,,,"E","E","E",,"AE","AE",,,,,,
"D3",2005,2005-11-03 00:00:00,305,7.71,8.16,169,1435,16.74,0.97,113.0,10,184,15,9097,,7.27,6.19,20.90,5.43,3.74,1.48,0.05,0.02,,,,,,"E","E","E","E",,,,,,,,,,
"D3",2006,2006-10-10 00:00:00,283,7.77,7.98,162,1339,15.84,0.89,116.0,7,107,7,9178,,6.97,5.91,22.30,5.38,3.55,1.42,0.00,0.01,,,,,,"E","E",,,,,,,"E","E","E","E","E","E"
"D3",2007,2007-11-01 00:00:00,305,7.78,8.15,191,1404,16.95,1.26,130.0,40,229,5,8436,,9.31,5.72,25.70,6.08,3.95,1.86,0.01,0.03,,,,,,"E","E",,,,,,,,,,,,
"D3",2008,2008-10-28 00:00:00,302,7.70,8.13,173,1402,16.42,1.72,56.0,8,16,129,8911,,7.06,4.98,24.10,5.92,4.11,1.49,0.01,0.01,,,,,,,,"E","E",,,,,,,,,,
"D3",2009,2009-11-02 00:00:00,306,7.90,8.01,183,,,,,,,,,,,,,,,,,,,,,,,,,,,,,,,,,,,,
"D3",2010,2010-10-18 00:00:00,291,7.76,8.07,170,,,,,,,,,,,,,,,,,,,,,,,,,,,,,,,,,,,,
"D3",2011,2011-11-07 00:00:00,311,7.80,8.09,165,,,,,,,,,,,,,,,,,,,,,,,,,,,,,,,,,,,,
"D3",2012,2012-11-12 00:00:00,317,7.72,7.98,166,,,,,,,,,,,,,,,,,,,,,,,,,,,,,,,,,,,,
"D3",2013,2013-10-23 00:00:00,296,7.85,8.19,160,,,,,,,,,,,,,,,,,,,,,,,,,,,,,,,,,,,,
"D4",1984,1984-11-07 00:00:00,312,5.70,,,272,,,2.4,12,,,6987,,1.05,8.00,4.92,1.56,1.39,0.57,,,,,,,,,,,,,,,,,,,,,
"D4",1985,1985-06-01 00:00:00,152,5.88,,,257,,,2.3,6,,,6451,,0.61,6.78,4.70,1.61,1.33,0.71,,,,,,,,,,,,,,,,,,"E",,,
"D4",1985,1985-11-16 00:00:00,320,5.77,,,398,,,0.0,8,,,7353,,1.39,6.91,6.18,1.85,1.51,0.69,,,,,,,,,,,,,,,,,,"E","E",,
"D4",1986,1986-05-13 00:00:00,133,5.88,,,267,,,2.1,5,,,6240,,2.48,6.06,5.44,1.71,1.32,0.51,,,,,,,,,,"E","E",,,,,,,,,,
"D4",1988,1988-10-27 00:00:00,301,,,,,,,,,,,,,,,,,,,,,"C",,,,,,,,,,,,,,,,,,
"D4",1990,1990-11-15 00:00:00,319,5.90,,53,249,10.66,2.21,4.0,35,118,1,7305,7296,0.61,8.10,5.03,1.47,1.81,0.51,0.00,0.00,,,,,,,,,,"E","E",,,,,,,,
"D4",1992,1992-12-15 00:00:00,350,,,,,,,,,,,,,,,,,,,,,"C",,,,,,,,,,,,,,,,,,
"D4",1993,1993-11-29 00:00:00,333,,,,,,,,,,,,,,,,,,,,,"C",,,,,,,,,,,,,,,,,,
"D4",1994,1994-12-20 00:00:00,354,,,,,,,,,,,,,,,,,,,,,"C",,,,,,,,,,,,,,,,,,
"D4",1996,1996-11-20 00:00:00,325,,,,,,,,,,,,,,,,,,,,,"C","C",,,,,,,,,,,,,,,,,
"D4",1997,1997-11-10 00:00:00,314,,,,,,,,,,,,,,,,,,,,,"C",,,,,,,,,,,,,,,,,,
"D4",2002,2002-10-28 00:00:00,301,6.03,7.45,49,287,3.87,0.63,21.0,17,150,9,6668,10630,1.12,4.79,4.83,1.36,1.45,0.42,0.03,0.01,,,,,,,,,,,,,,,,,,,
"D4",2003,2003-10-09 00:00:00,282,,,,,,,,,,,,,,,,,,,,,"C","C","C","C","C","C","C","C","C","C",,"C","C","C","C","C","C","C","C"
"D4",2004,2004-10-20 00:00:00,294,,,,,,,,,,,,,,,,,,,,,"C","C","C","C","C","C","C","C","C","C",,"C","C","C","C","C","C","C","C"
"D4",2005,2005-11-03 00:00:00,305,,,,,,,,,,,,,,,,,,,,,"C","C","C","C","C","C","C","C","C","C",,"C","C","C","C","C","C","C","C"
"D4",2006,2006-10-10 00:00:00,283,,,,,,,,,,,,,,,,,,,,,"C","C","C","C","C","C","C","C","C","C",,"C","C","C","C","C","C","C","C"
"D4",2007,2007-11-01 00:00:00,305,,,,,,,,,,,,,,,,,,,,,"C","C",,,,,,,,,,,,,,,,,
"D4",2008,2008-10-28 00:00:00,302,,,,,,,,,,,,,,,,,,,,,"C","C",,,,,,,,,,,,,,,,,
"D4",2009,2009-11-02 00:00:00,306,,,,,,,,,,,,,,,,,,,,,"C","C",,,,,,,,,,,,,,,,,
"D4",2010,2010-10-18 00:00:00,291,5.92,7.56,51,,,,,,,,,,,,,,,,,,,,,,,,,,,,,,,,,,,,
"D4",2011,2011-11-07 00:00:00,311,,,,,,,,,,,,,,,,,,,,,,"C",,,,,,,,,,,,,,,,,
"D4",2012,2012-11-12 00:00:00,317,,,,,,,,,,,,,,,,,,,,,,"C",,,,,,,,,,,,,,,,,
"D4",2013,2013-10-23 00:00:00,296,,,,,,,,,,,,,,,,,,,,,,"C",,,,,,,,,,,,,,,,,
"K1",1984,1984-11-07 00:00:00,312,5.65,,,98,,,15.6,88,,,815,,0.53,1.99,0.91,0.28,0.51,0.57,,,,,,,,,,,,,,,,,,,,,
"K1",1985,1985-03-16 00:00:00,75,5.67,,,76,,,0.0,579,,,620,,0.49,2.12,1.11,0.35,0.33,0.51,,,,,,,,,,,,,,,,"E","E",,,,
"K1",1985,1985-06-01 00:00:00,152,5.80,,,73,,,2.3,126,,,622,,0.66,2.97,0.91,0.29,0.38,0.40,,,,,,,,,,,,,,,,,,,,,
"K1",1985,1985-08-22 00:00:00,234,,,,,,,0.0,83,,,799,,0.39,1.62,0.81,0.26,0.41,0.41,,,,,,,,,,,,,,,,,,,,,
"K1",1985,1985-11-16 00:00:00,320,5.66,,,88,,,6.4,78,,,818,,0.59,1.46,0.79,0.29,0.48,0.43,,,,,,,,,,"E","E",,,,,,,,,"E","E"
"K1",1986,1986-03-01 00:00:00,60,5.68,,,42,,,0.0,72,,,525,,0.68,3.85,0.89,0.32,,0.27,,,,,,,,,,,,,,,,,,,,,
"K1",1986,1986-05-13 00:00:00,133,5.90,,,94,,,0.0,90,,,464,,0.60,3.43,0.94,0.41,0.14,0.34,,,,,,,,,,,,,,,,,,,,,
"K1",1986,1986-09-03 00:00:00,246,5.93,,,372,,,7.2,137,,,738,,0.45,1.64,0.99,0.36,0.44,0.47,,,,,,,,,,,,,,,,,,,,,
"K1",1986,1986-11-05 00:00:00,309,5.82,,,154,5.37,1.14,,,,,776,,0.58,1.49,0.96,0.32,0.44,0.51,,,,,,,,,,,,,,,,,,,,,
"K1",1987,1987-11-16 00:00:00,320,5.71,,,,3.72,0.93,,,,,,,0.47,3.66,1.14,0.31,0.58,0.35,,,,,,,,,,,,,,,,,,,,,
"K1",1988,1988-10-27 00:00:00,301,5.94,,18,101,6.50,0.97,6.0,146,144,8,846,858,0.63,3.14,1.32,0.39,0.59,0.53,1.72,0.00,,,,,,,,,,,,,,,,,,,
"K1",1989,1989-10-24 00:00:00,297,5.73,,33,58,3.19,3.60,5.0,133,131,1,970,949,,,2.04,0.88,,0.42,2.40,0.00,,,,,,"G","G","E","E",,,,,"C","C",,,,
"K1",1990,1990-11-15 00:00:00,319,5.77,,39,62,3.71,1.33,0.0,111,124,0,913,895,1.06,9.61,2.34,0.52,1.66,0.42,2.10,0.04,,,,,,,,,,"E",,,,,,,,,"E"
"K1",1991,1991-10-23 00:00:00,296,5.73,,47,73,5.20,1.88,2.0,129,166,3,949,977,2.43,11.56,3.42,0.74,1.71,0.47,2.75,0.09,,,,,,,,,,,,,,,,,,,
"K1",1992,1992-12-15 00:00:00,350,5.60,,57,124,14.41,0.95,0.0,87,114,1,870,773,0.33,14.13,4.42,1.04,2.09,0.47,2.78,0.07,,,,,,"G",,,,,,"E","EB",,,,,,
"K1",1993,1993-11-29 00:00:00,333,5.72,,37,261,18.60,1.39,,,108,2,780,766,0.53,2.53,3.75,0.68,0.71,0.35,2.01,0.03,,,,,,,,"D","D",,,,,,,,,,
"K1",1994,1994-12-20 00:00:00,354,5.67,,,210,8.63,1.97,8.0,45,120,13,821,779,0.23,1.14,3.75,0.58,0.61,0.33,1.31,0.00,,,,,,,,,,,,,,,,,,,
"K1",1996,1996-11-20 00:00:00,325,5.91,7.68,21,142,6.77,2.43,0.0,32,3,71,1252,1263,0.46,0.32,2.13,0.38,0.59,0.49,0.68,0.01,,,,,,,,,,"E","E",,,,,,,,
"K1",1997,1997-11-10 00:00:00,314,5.61,,15,119,6.07,2.92,0.0,64,180,41,1256,2351,0.46,0.36,1.35,0.54,0.50,0.73,1.08,0.01,,,,,,,,,,,,,,,,,,,
"K1",1998,1998-10-27 00:00:00,300,5.77,6.89,13,62,3.94,2.70,15.0,107,155,2,1018,996,0.50,0.17,0.61,0.28,0.50,0.56,0.78,0.00,,,,,,,,,,,,,,,,,,,
"K1",1999,1999-10-29 00:00:00,302,5.51,6.96,30,60,6.89,1.99,2.0,196,556,4,1150,1137,0.39,6.04,1.80,0.80,0.94,1.12,1.78,0.04,,,,,,,,,,,,,,,,,,,
"K1",2000,2000-11-29 00:00:00,303,4.98,5.68,29,56,4.09,1.45,1.0,234,443,9,1141,1067,0.73,6.32,1.23,0.62,0.71,0.86,2.31,0.03,,,,,,,,,,,,"E","E","E","E","E","E","E","E"
"K1",2001,2001-11-05 00:00:00,309,5.46,6.27,32,-7,0.75,2.25,11.0,366,174,7,1180,1157,0.78,7.42,1.33,0.56,0.77,0.84,2.48,0.04,,,,,,,,,,,,,,,,,,,
"K1",2002,2002-10-28 00:00:00,301,5.51,6.19,56,-47,1.01,2.50,1.0,410,216,10,1218,1130,0.60,7.63,1.29,0.60,1.21,1.34,2.50,0.04,,,,,,,,,,,,,,,,,,,
"K1",2003,2003-10-09 00:00:00,282,5.70,6.58,27,83,2.46,3.16,2.0,245,344,4,1156,,0.48,3.18,0.88,0.38,1.08,0.59,2.33,0.03,,,,,,,,,,,,"E","E",,,,,,
"K1",2004,2004-10-20 00:00:00,294,5.54,6.77,27,,,,2.0,330,284,2,1180,,0.24,1.43,1.06,0.48,0.84,0.53,2.97,0.04,,,"C","D","D",,,"E","E","E",,"E","E",,,,,,
"K1",2005,2005-11-03 00:00:00,305,5.92,6.63,18,13,2.52,2.69,3.0,98,214,3,972,,1.16,2.56,0.63,0.26,0.71,0.40,1.62,0.02,,,,,,,,"E","E",,,,,,,,,,
"K1",2006,2006-10-10 00:00:00,283,5.61,6.42,49,36,4.90,2.37,6.0,17,272,1,1185,,1.12,13.22,1.29,0.62,0.68,0.52,4.31,0.04,,,,,,"E","E",,,"E",,"E","E",,,,,,
"K1",2007,2007-11-01 00:00:00,305,5.86,6.85,41,-61,4.99,1.54,1.0,149,191,3,1254,,0.61,14.17,1.50,0.69,1.44,0.49,4.20,0.04,,,"N",,,,,,,,,"E","E",,,,,,
"K1",2008,2008-10-28 00:00:00,302,5.43,6.46,50,-1,3.25,2.26,8.0,12,2,165,1226,,1.30,10.63,1.54,0.67,2.62,0.46,2.83,0.03,,,,,,,,,,,,,,,,,,,
"K1",2009,2009-11-02 00:00:00,306,,,,,,,,,,,,,,,,,,,,,"C","C",,,,,,,,,,,,,,,,,
"K1",2010,2010-10-18 00:00:00,291,4.85,5.28,63,,,,,,,,,,,,,,,,,,,,,,,,,,,,,,,,,,,,
"K1",2011,2011-11-07 00:00:00,311,5.55,6.45,85,,,,,,,,,,,,,,,,,,,,,,,,,,,,,,,,,,,,
"K1",2012,2012-11-12 00:00:00,317,5.62,6.78,62,,,,,,,,,,,,,,,,,,,,,,,,,,,,,,,,,,,,
"K1",2013,2013-10-23 00:00:00,296,5.42,6.71,68,,,,,,,,,,,,,,,,,,,,,,,,,,,,,,,,,,,,
"K10",1984,1984-11-07 00:00:00,312,5.67,,,173,,,3.4,11,,,5196,,0.43,11.88,3.66,1.23,2.73,0.89,,,,,,,,,,,,,,,,,,,,,
"K10",1985,1985-03-16 00:00:00,75,,,,,,,,,,,,,,,,,,,,,,,,,,,,,,,,,,,,,,,
"K10",1985,1985-06-01 00:00:00,152,5.73,,,190,,,2.9,5,,,5055,,0.34,7.59,3.36,0.99,2.28,0.75,,,,,,,,,,,,,,,,,,,,,
"K10",1985,1985-08-22 00:00:00,234,,,,,,,3.7,10,,,5014,,0.33,7.51,2.81,0.86,,0.80,,,,,,,,,,,,,,,,,,,,,
"K10",1985,1985-11-16 00:00:00,320,5.68,,,153,,,2.3,18,,,5160,,0.38,10.98,3.75,1.19,1.69,0.85,,,,,,,,,,"E","E",,,,,,,,"E",,
"K10",1986,1986-03-01 00:00:00,60,,,,,,,,,,,,,,,,,,,,,,,,,,,,,,,,,,,,,,,
"K10",1986,1986-05-13 00:00:00,133,5.76,,,177,,,2.5,6,,,4800,,0.48,10.39,4.22,1.25,1.68,0.80,,,,,,,,,,,,,,,,,,,,,
"K10",1986,1986-09-03 00:00:00,246,5.89,,,143,,,2.3,4,,,4955,,0.53,10.27,3.41,1.03,1.22,0.54,,,,,,,,,,,,,,,,,,,,,
"K10",1986,1986-11-05 00:00:00,309,5.82,,,120,5.80,1.70,,,,,5222,,0.51,10.56,3.51,1.16,1.78,0.79,,,,,,,,,,,,,,,,,,,,,
"K10",1987,1987-11-16 00:00:00,320,5.79,,,,8.79,1.50,,,,,,,0.37,12.20,3.31,,3.14,0.98,,,,,,,,,,,,,,,,,,,,,
"K10",1988,1988-10-27 00:00:00,301,5.84,,42,147,11.00,1.26,5.0,8,0,0,5309,4488,0.34,9.19,2.94,0.94,3.82,0.93,0.00,0.00,,,,,,,,,,,,,,,,,,,
"K10",1989,1989-10-24 00:00:00,297,5.82,,47,149,5.74,3.50,6.0,9,40,4,5314,5195,0.59,10.14,3.41,1.06,3.14,0.92,0.00,0.00,,,,,,"G","G","E","E",,,,,,,,,,
"K10",1990,1990-11-15 00:00:00,319,5.76,,52,165,9.58,2.20,2.0,11,71,10,5305,5371,0.73,10.97,3.79,1.19,2.79,1.16,0.00,0.00,,,,,,,,"E","E",,,,"E",,"H",,,,
"K10",1991,1991-10-23 00:00:00,296,5.61,,129,111,6.67,4.27,2.0,3,60,0,5490,5439,1.74,40.36,12.10,3.61,,1.63,0.00,0.04,,,,,,,,,,,,,,,"M",,,,
"K10",1992,1992-12-15 00:00:00,350,5.71,,69,113,7.25,2.48,5.0,18,47,5,5436,5383,0.97,19.87,6.00,1.94,2.41,1.12,0.00,0.00,,,,,,"G",,"E","E",,,,"B",,,,,,
"K10",1993,1993-11-29 00:00:00,333,5.75,,64,118,7.36,2.31,0.0,10,28,14,5481,5412,0.77,16.96,,,,,,,,,,,,,,,,,,"E",,,,"D","D","D","D"
"K10",1994,1994-12-20 00:00:00,354,5.70,,,165,5.42,2.00,3.0,27,49,4,5203,5070,0.54,10.78,4.64,1.56,1.82,1.03,0.00,0.00,,,,,,,,,,,,,,,,,,,
"K10",1996,1996-11-20 00:00:00,325,6.00,7.08,43,133,3.87,2.56,8.0,77,0,17,5336,5667,0.44,10.14,3.30,1.06,1.51,0.86,0.00,0.00,,,,,,,,,,"E","E","E",,,,,,,
"K10",1997,1997-11-10 00:00:00,314,5.95,,,139,4.71,2.29,7.0,21,40,29,5408,5331,0.49,10.89,3.65,1.23,1.91,0.85,0.00,0.00,,,,,,,,,,,,,,,,,,,
"K10",1998,1998-10-27 00:00:00,300,6.98,7.27,53,137,6.30,1.96,9.0,77,0,5,5682,5455,0.60,13.59,4.32,1.42,2.10,0.91,0.00,0.00,,,,,,,,,,,,,,,,,,,
"K10",1999,1999-10-29 00:00:00,302,5.70,7.23,55,147,5.95,1.86,5.0,47,226,7,5773,6531,0.78,10.88,4.64,1.49,2.39,0.98,0.04,0.01,,,,,,,,,,,,,,,,,,,
"K10",2000,2000-11-29 00:00:00,303,5.75,7.14,51,130,6.81,2.05,5.0,11,173,3,5808,6043,0.84,11.09,4.26,1.31,2.06,0.81,0.00,0.01,,,,,,,,,,,,"E","E",,,,,,
"K10",2001,2001-11-05 00:00:00,309,5.67,7.16,53,141,2.56,2.40,2.0,18,43,12,5758,5822,0.83,11.08,4.52,1.37,2.01,0.75,0.00,0.00,,,,,,,,,,,,,,,,,,,
"K10",2002,2002-10-28 00:00:00,301,5.67,5.83,62,166,6.22,1.19,0.0,4,88,3,5580,5606,0.94,14.25,5.08,1.58,1.93,0.79,0.02,0.00,,,,,,,,,,,,,,,,,,,
"K10",2003,2003-10-09 00:00:00,282,5.86,,47,125,3.10,1.95,2.0,10,63,4,6054,,0.69,9.96,3.63,1.23,1.84,0.61,0.01,0.00,,,,,,,,,,,,,,,,,,,
"K10",2004,2004-10-20 00:00:00,294,5.80,7.38,44,172,4.51,2.14,4.0,5,34,5,5677,,0.47,8.25,3.78,1.20,1.86,0.63,0.00,0.00,,,,,,,,,,,,"A","A",,,,,,
"K10",2005,2005-11-03 00:00:00,305,5.72,7.43,47,191,8.58,0.78,1.0,1,49,7,5665,,0.73,9.21,4.03,1.28,1.64,0.67,0.00,0.00,,,,,,,,,,,,,,,,,,,
"K10",2006,2006-10-10 00:00:00,283,5.70,6.96,51,164,12.65,2.25,7.0,8,47,6,6263,,0.96,10.43,4.66,1.43,1.94,0.75,0.00,0.00,,,,,,,,,,,,,,,,,,,
"K10",2007,2007-11-01 00:00:00,305,5.71,7.34,48,595,9.52,0.88,14.0,17,89,25,9257,,0.33,7.35,8.77,3.45,2.26,0.56,0.03,0.00,,,"N",,,,,,,,,,,,,,,,
"K10",2008,2008-10-28 00:00:00,302,5.72,7.08,60,196,11.41,2.60,23.0,18,6,81,5548,,0.01,11.43,5.59,1.77,2.30,0.76,0.01,0.00,,,,,,,,,,,,,,,,,,,
"K10",2009,2009-11-02 00:00:00,306,6.52,7.21,51,,,,,,,,,,,,,,,,,,,,,,,,,,,,,,,,,,,,
"K10",2010,2010-10-18 00:00:00,291,5.73,7.34,64,,,,,,,,,,,,,,,,,,,,,,,,,,,,,,,,,,,,
"K10",2011,2011-11-07 00:00:00,311,,,,,,,,,,,,,,,,,,,,,"C","C",,,,,,,,,,,,,,,,,
"K10",2012,2012-11-12 00:00:00,317,,,,,,,,,,,,,,,,,,,,,"C","C",,,,,,,,,,,,,,,,,
"K10",2013,2013-10-23 00:00:00,296,5.60,7.37,58,,,,,,,,,,,,,,,,,,,,,,,,,,,,,,,,,,,,
"K101",1985,1985-06-01 00:00:00,152,5.39,,,101,,,3.2,19,,,6609,,3.39,31.36,4.50,3.73,,2.04,,,,,,,,,,,,,,,,,,,,,
"K101",1985,1985-08-22 00:00:00,234,,,,,,,0.0,13,,,,,0.18,0.00,,,,,,,,,,,,,,,,,,,,,,"C","C","C","C"
"K101",1985,1985-11-16 00:00:00,320,5.61,,,187,,,0.0,13,,,7416,,2.63,22.12,3.85,3.32,4.33,1.70,,,,,,,,,,,"E",,,"E",,,,,,,"E"
"K2",1984,1984-11-07 00:00:00,312,7.71,,,533,,,5.8,5,,,4981,,0.32,3.10,5.71,2.43,1.50,0.53,,,,,,,,,,,,,,,,,,,,,
"K2",1985,1985-03-16 00:00:00,75,6.75,,,387,,,144.2,5,,,4769,,0.32,2.69,5.12,9.33,1.44,0.69,,,,,,,,,,"E","E",,,,,,,,"E",,
"K2",1985,1985-06-01 00:00:00,152,6.82,,,698,,,131.7,5,,,4773,,0.25,3.85,4.55,1.74,1.35,0.63,,,,,,,,,,,,,,,,"E","E",,,,
"K2",1985,1985-08-22 00:00:00,234,,,,,,,50.6,33,,,4648,,0.36,3.78,4.14,1.51,1.28,0.60,,,,,,,,,,,,,,,,,,,,,
"K2",1985,1985-11-16 00:00:00,320,6.35,,,300,,,61.5,4,,,4744,,0.37,3.71,4.25,1.49,1.25,0.54,,,,,,,,,,"E","E",,,,,,,,,,
"K2",1986,1986-03-01 00:00:00,60,6.81,,,350,,,75.8,17,,,4782,,0.36,3.56,4.67,1.68,1.33,0.54,,,,,,,,,,,,,,,,,,,,,
"K2",1986,1986-05-13 00:00:00,133,6.85,,,296,,,89.8,4,,,4585,,0.35,3.63,4.17,1.44,1.27,0.54,,,,,,,,,,,,,,,,,,,,,
"K2",1986,1986-09-03 00:00:00,246,7.38,,,622,,,5.7,,,,4796,,4.89,4.07,4.94,1.97,5.37,1.23,,,,,,,,,,,,,,,,,,,,,
"K2",1986,1986-11-05 00:00:00,309,7.12,,,383,5.43,0.58,,,,,4777,,1.02,3.33,4.91,2.00,1.51,0.37,,,,,,,,,,,,,,,,,,,,,
"K2",1987,1987-11-16 00:00:00,320,7.23,,,,5.41,0.65,,,,,,,0.27,3.18,5.17,1.98,1.43,0.48,,,,,,,,,,,,,,,,,,,,"E",
"K2",1988,1988-10-27 00:00:00,301,7.69,,50,475,6.37,0.25,9.0,34,0,12,5028,4376,0.27,2.72,5.78,2.20,1.67,0.54,0.00,0.04,,,,,,,,,,,,,,,,"E",,,
"K2",1989,1989-10-24 00:00:00,297,7.29,,47,371,5.86,2.40,79.0,20,85,14,4776,4649,0.48,3.36,4.91,1.81,1.36,0.59,0.00,0.00,,,,,,"G","G",,,,,,,,,"E",,,
"K2",1990,1990-11-15 00:00:00,319,6.99,,53,408,5.94,1.41,102.0,19,95,15,4914,5000,0.36,3.10,5.44,2.02,1.60,0.54,0.00,0.00,,,,,,,,,,,,,,,,,,,
"K2",1991,1991-10-23 00:00:00,296,7.39,,54,450,6.42,0.72,11.0,17,0,20,4927,5570,0.30,3.32,5.96,2.17,1.62,0.57,0.24,0.05,,,,,,,,,,,,,,,,,,,
"K2",1992,1992-12-15 00:00:00,350,6.94,,49,380,5.82,0.33,36.0,46,29,15,5023,4888,0.38,3.15,5.12,1.96,1.49,0.50,0.04,0.00,,,,,,"G",,,,,,,"EB",,,,,,
"K2",1993,1993-11-29 00:00:00,333,7.28,,54,379,6.29,0.50,18.0,19,0,14,4901,4834,0.33,3.14,5.61,2.04,1.58,0.51,0.00,0.00,,,,,,,,,,,,,,,,,,,
"K2",1994,1994-12-20 00:00:00,354,7.32,,,441,6.08,0.43,99.0,32,191,11,4985,4912,0.58,2.90,5.09,2.00,1.42,0.55,0.00,0.00,,,,,,,,,,,,,,,,,,,
"K2",1996,1996-11-20 00:00:00,325,7.19,7.78,48,349,5.60,0.85,85.0,123,8,4,5008,5350,0.37,3.25,4.60,1.83,1.47,0.59,0.00,0.00,,,,,,,,,,"E","E","E",,,,"E","E","E","E"
"K2",1997,1997-11-10 00:00:00,314,6.59,,42,316,4.55,3.49,19.0,55,,,,,0.50,2.21,,,,,,,,,,,,,,"C","C","C","C",,,"C","C","C","C","C","C"
"K2",1998,1998-10-27 00:00:00,300,6.94,7.68,47,334,5.53,0.62,90.0,12,80,14,4880,4871,0.38,3.21,4.65,1.68,1.42,0.60,0.00,0.00,,,,,,,,,,,,,,,,,,,
"K2",1999,1999-10-29 00:00:00,302,6.72,7.62,38,251,4.59,0.43,130.0,20,388,9,4653,5377,0.41,2.70,3.84,1.20,1.40,0.74,0.02,0.00,,,,,,,,,,,,"E","E",,,,,,
"K2",2000,2000-11-29 00:00:00,303,6.62,7.17,38,233,4.71,0.93,34.0,58,173,18,5130,5170,0.83,2.57,3.39,1.10,1.42,0.60,0.12,0.01,,,,,,,,,,,,,,,,,,,
"K2",2001,2001-11-05 00:00:00,309,6.90,7.53,49,375,5.08,0.64,46.0,24,56,27,5317,5479,0.25,2.99,5.02,1.74,1.44,0.59,0.15,0.01,,,,,,,,,,,,,,,,,,,
"K2",2002,2002-10-28 00:00:00,301,6.95,7.62,52,400,4.35,1.02,42.0,158,83,19,5128,5137,0.22,3.03,5.51,1.76,1.43,0.56,0.01,0.01,,,,,,,,,,,,,,,,,,,
"K2",2003,2003-10-09 00:00:00,282,7.04,7.18,49,384,5.56,0.34,25.0,12,85,14,4946,,0.60,3.15,4.57,1.73,1.42,0.53,0.01,0.00,,,,,,"E","E",,,,,,,,,,,,
"K2",2004,2004-10-20 00:00:00,294,6.96,7.81,46,360,,,52.0,29,59,13,4927,,0.03,0.07,4.80,1.69,1.37,0.51,0.00,0.00,,,,"D","D",,,,,,,"A","A","E","E","E","E","E","E"
"K2",2005,2005-11-03 00:00:00,305,7.19,7.60,48,404,8.16,3.98,49.0,2,65,20,4754,,0.25,3.11,4.87,1.75,1.35,0.50,0.00,0.00,,,,,,,,,,,,"E","E",,,,,,
"K2",2006,2006-10-10 00:00:00,283,7.01,7.51,46,377,5.28,0.43,31.0,3,56,18,5032,,0.27,3.17,5.15,1.76,1.38,0.49,0.00,0.00,,,,,,,,"E","E",,,,,"E","E","E","E","E","E"
"K2",2007,2007-11-01 00:00:00,305,7.29,7.81,47,377,5.10,0.72,287.0,3,876,56,2746,,0.29,2.88,3.31,1.12,0.99,0.69,0.01,0.02,,,,,,"N","N",,,,,,,,,,,,
"K2",2008,2008-10-28 00:00:00,302,6.93,7.54,47,392,4.82,1.01,48.0,13,18,65,4893,,0.02,2.63,5.35,1.85,1.48,0.63,0.01,0.00,,,,,,,,,,,,,,,,,,,
"K2",2009,2009-11-02 00:00:00,306,7.11,7.54,48,,,,,,,,,,,,,,,,,,,,,,,,,,,,,,,,,,,,
"K2",2010,2010-10-18 00:00:00,291,7.19,7.50,36,,,,,,,,,,,,,,,,,,,,,,,,,,,,,,,,,,,,
"K2",2011,2011-11-07 00:00:00,311,7.16,7.65,48,,,,,,,,,,,,,,,,,,,,,,,,,,,,,,,,,,,,
"K2",2012,2012-11-12 00:00:00,317,6.98,7.51,49,,,,,,,,,,,,,,,,,,,,,,,,,,,,,,,,,,,,
"K2",2013,2013-10-23 00:00:00,296,7.06,7.65,46,,,,,,,,,,,,,,,,,,,,,,,,,,,,,,,,,,,,
"K33",1984,1984-11-07 00:00:00,312,6.50,,,682,,,1.9,277,,,9142,,1.25,4.30,5.86,2.45,1.58,0.15,,,,,,,,,,,,,,,,,,,,,
"K33",1985,1985-03-16 00:00:00,75,,,,,,,,,,,,,,,,,,,,,,,,,,,,,,,,,,,,,,,
"K33",1985,1985-06-01 00:00:00,152,5.99,,,511,,,4.1,305,,,6477,,1.23,3.75,5.09,2.07,1.08,,,,,,,,,,,,,,,,,,,"E",,"E",
"K33",1985,1985-08-22 00:00:00,234,,,,,,,0.0,264,,,9343,,1.13,4.24,6.28,2.46,1.58,1.01,,,,,,,,,,,,,,,,,,,,,
"K33",1985,1985-11-16 00:00:00,320,6.82,,,771,,,0.0,204,,,9822,,1.04,5.01,5.91,2.51,1.54,0.71,,,,,,,,,,"E","E",,,,,,,,,,
"K33",1986,1986-03-01 00:00:00,60,,,,,,,,,,,,,,,,,,,,,,,,,,,,,,,,,,,,,,,
"K33",1986,1986-05-13 00:00:00,133,6.90,,,621,,,4.2,150,,,9957,,0.99,5.35,6.13,2.29,1.55,0.61,,,,,,,,,,,,,,,,,,,,,
"K33",1986,1986-09-03 00:00:00,246,6.64,,,522,,,4.8,136,,,10000,,1.13,5.06,6.21,2.33,1.76,1.24,,,,,,,,,,,,,,,,,,,,,
"K33",1986,1986-11-05 00:00:00,309,6.94,,,444,9.94,0.94,,,,,10293,,1.07,5.31,6.16,2.55,1.60,0.65,,,,,,,,,,,,,,,,,,,,,
"K33",1987,1987-11-16 00:00:00,320,7.02,,,,11.35,1.77,,,,,,,1.78,5.24,6.55,2.55,1.62,0.69,,,,,,,,,,,,,,,,,,"E",,,
"K33",1988,1988-10-27 00:00:00,301,6.89,,60,467,11.20,0.96,0.0,156,290,94,9852,8414,2.23,6.26,6.40,2.33,1.72,0.80,8.56,0.23,,,,,,,,,,,,,,,,,,,
"K33",1989,1989-10-24 00:00:00,297,6.65,,74,387,8.49,4.20,1.0,288,312,94,9030,8610,2.53,6.34,5.47,2.11,1.91,1.22,7.89,0.29,,,,,,"G","G",,"E",,,,,,,,,,"E"
"K33",1990,1990-11-15 00:00:00,319,6.81,,80,180,11.86,1.08,5.0,40,58,32,4740,4768,2.72,9.44,2.42,1.02,6.09,0.73,0.54,0.04,,,,,,,,,,,,,,,,,,"E",
"K33",1991,1991-10-23 00:00:00,296,6.84,,81,586,11.85,1.27,2.0,359,411,149,9344,9703,2.54,5.47,8.20,2.84,2.01,1.40,,0.41,,,,,,,,,"E","E","E","E",,,,,,,
"K33",1992,1992-12-15 00:00:00,350,6.87,,86,572,13.07,0.88,2.0,193,218,129,10118,9735,2.63,6.13,8.05,3.02,1.91,0.75,9.47,0.47,,,,,,"G",,,"E","E ",,,"B",,,,,,
"K33",1993,1993-11-29 00:00:00,333,6.89,,91,647,14.76,1.09,0.0,165,207,118,10136,10341,2.79,4.91,8.56,3.03,2.24,0.69,11.95,0.40,,,,,,,,,"E",,,"G",,,,"E","E","E","E"
"K33",1994,1994-12-20 00:00:00,354,6.53,,,584,11.85,1.30,1.0,177,216,5,9196,9026,2.70,4.85,8.35,3.06,2.53,0.81,8.55,0.45,,,,,,,,,,,,,,,,,,,
"K33",1996,1996-11-20 00:00:00,325,6.61,7.91,85,633,11.85,1.61,3.0,174,0,2,10846,11597,2.87,5.48,8.31,3.23,2.49,0.91,9.84,0.49,,,,,,,,,,"E","E",,"E",,,,,,
"K33",1997,1997-11-10 00:00:00,314,6.71,,89,671,11.69,1.22,6.0,179,140,24,8754,8954,2.78,5.67,8.02,3.24,2.62,0.80,0.00,0.36,,,,,,"E","E",,,,,,,,,,,,
"K33",1998,1998-10-27 00:00:00,300,6.92,7.08,87,662,13.22,1.27,2.0,138,132,70,10228,10031,2.86,4.65,8.39,3.30,2.53,0.64,10.86,0.53,,,,,,,,,,,,,,"E","E","E","E","E","E"
"K33",1999,1999-10-29 00:00:00,302,6.33,7.12,85,1229,11.75,1.27,9.0,132,332,5,10055,10973,3.05,4.05,8.51,3.14,2.71,0.74,8.45,0.50,,,,,,,,,,,,,,,,,,,
"K33",2000,2000-11-29 00:00:00,303,6.77,7.15,71,524,11.22,1.51,3.0,147,272,36,11034,11181,2.26,3.30,6.97,2.59,2.59,0.78,9.00,0.38,,,,,,,,,,,,,,,,,,,
"K33",2001,2001-11-05 00:00:00,309,6.82,7.06,72,551,7.45,1.17,2.0,230,148,85,10363,10188,1.32,2.98,6.98,2.50,2.45,0.58,9.03,0.34,,,,,,,,,,,,,,,,,,,
"K33",2002,2002-10-28 00:00:00,301,6.67,6.66,73,571,5.46,0.35,13.0,150,193,92,10765,8885,1.86,3.35,7.21,2.64,2.36,0.55,9.29,0.40,,,,,,,,,,,,"E","E",,,,,,
"K33",2003,2003-10-09 00:00:00,282,6.82,7.13,71,569,8.49,1.02,1.0,115,158,86,10363,,1.84,2.96,6.23,2.46,2.40,0.55,9.21,0.36,,,,,,,,,,,,,,,,,,,
"K33",2004,2004-10-20 00:00:00,294,6.73,7.99,72,62,9.59,1.88,1.0,214,166,95,10126,,1.09,2.14,7.30,2.67,2.48,0.55,10.70,0.39,,,,,,,,,,,,"A","A",,,,,,
"K33",2005,2005-11-03 00:00:00,305,6.69,7.80,71,663,5.41,2.09,1.0,117,155,72,10287,,0.85,1.71,7.21,2.58,2.48,0.57,10.80,0.39,,,,,,,,,,,,,,,,,,,
"K33",2006,2006-10-10 00:00:00,283,6.71,7.31,67,641,15.37,2.23,1.0,175,245,95,10221,,0.74,1.28,7.17,2.49,2.35,0.54,11.30,0.35,,,,,,,,,,,,,,,,,,,
"K33",2007,2007-11-01 00:00:00,305,7.12,7.44,62,511,11.00,1.47,3.0,161,227,98,10328,,0.76,2.11,6.36,2.25,2.45,0.57,9.98,0.30,,,,,,,,,,,,,,,,,,,
"K33",2008,2008-10-28 00:00:00,302,6.55,7.44,59,49,9.96,1.60,8.0,135,176,148,10048,,0.01,1.42,6.35,2.25,2.25,0.51,9.84,0.33,,,,,,"E","E",,,,,,,,,,,,
"K33",2009,2009-11-02 00:00:00,306,6.90,7.03,59,,,,,,,,,,,,,,,,,,,,,,,,,,,,,,,,,,,,
"K33",2010,2010-10-18 00:00:00,291,6.80,7.47,57,,,,,,,,,,,,,,,,,,,,,,,,,,,,,,,,,,,,
"K33",2011,2011-11-07 00:00:00,311,6.62,7.30,56,,,,,,,,,,,,,,,,,,,,,,,,,,,,,,,,,,,,
"K33",2012,2012-11-12 00:00:00,317,6.94,7.23,54,,,,,,,,,,,,,,,,,,,,,,,,,,,,,,,,,,,,
"K33",2013,2013-10-23 00:00:00,296,6.79,7.68,50,,,,,,,,,,,,,,,,,,,,,,,,,,,,,,,,,,,,
"K34",1984,1984-11-07 00:00:00,312,5.65,,,247,,,2.8,158,,,5574,,0.99,7.75,2.66,1.14,1.64,1.68,,,,,,,,,,,,,,,,,,,,,
"K34",1985,1985-03-16 00:00:00,75,,,,,,,,,,,,,,,,,,,,,,,,,,,,,,,,,,,,,,,
"K34",1985,1985-06-01 00:00:00,152,6.02,,,285,,,2.5,157,,,5029,,0.64,7.35,2.60,1.27,1.57,,,,,,,,,,,,,,,,,,,,,,
"K34",1985,1985-08-22 00:00:00,234,,,,,,,0.0,104,,,5727,,1.02,7.31,2.86,1.27,1.76,1.80,,,,,,,,,,,,,,,,,,,,,
"K34",1985,1985-11-16 00:00:00,320,5.65,,,287,,,2.9,46,,,6290,,1.11,7.40,2.61,1.07,1.89,0.94,,,,,,,,,,"E","E",,,,,,,,,"E",
"K34",1986,1986-03-01 00:00:00,60,,,,,,,,,,,,,,,,,,,,,,,,,,,,,,,,,,,,,,,
"K34",1986,1986-05-13 00:00:00,133,5.76,,,213,,,1.2,33,,,5847,,1.48,6.60,2.36,1.03,1.81,0.66,,,,,,,,,,,,,,,,,,,,,
"K34",1986,1986-09-03 00:00:00,246,5.96,,,271,,,0.5,190,,,5840,,1.49,6.09,2.71,1.20,2.65,0.84,,,,,,,,,,,,,,,,,,,,,
"K34",1986,1986-11-05 00:00:00,309,5.84,,,260,12.16,1.24,,,,,5869,,1.78,6.30,2.46,1.25,1.80,0.88,,,,,,,,,,,,,,,,,,,,,
"K34",1987,1987-11-16 00:00:00,320,5.62,,,,17.70,1.38,,,,,,,6.87,7.56,3.68,1.43,1.98,1.28,,,,,,,,,,,,,,,,,,"E",,,
"K34",1988,1988-10-27 00:00:00,301,5.73,,60,262,17.34,1.78,3.0,239,51,72,5002,4235,3.06,12.53,2.81,1.10,5.25,1.11,2.99,0.08,,,,,,,,,,,,,,,,,,,
"K34",1989,1989-10-24 00:00:00,297,5.63,,70,175,9.86,2.32,2.0,80,98,76,4821,4696,4.32,13.87,3.13,1.26,6.36,0.98,1.38,0.04,,,,,,"G","G",,,,,,,,,,,,
"K34",1990,1990-11-15 00:00:00,319,5.70,,58,579,13.26,2.19,3.0,76,184,71,9868,9894,2.53,5.49,7.47,2.80,2.00,0.65,6.57,0.41,,,,,,,,,,,,"M","H",,,,"E",,
"K34",1991,1991-10-23 00:00:00,296,5.73,,63,195,11.48,1.26,8.0,94,112,42,4504,4362,3.00,12.52,3.04,1.16,,1.06,1.06,0.04,,,,,,,,"E",,,,,,,,,,,
"K34",1992,1992-12-15 00:00:00,350,5.63,,92,90,9.90,1.70,32.0,143,196,35,4718,4481,7.74,18.67,4.05,1.65,8.07,1.48,1.62,0.04,,,,,,"G",,,,,,,"B","E","E",,,,
"K34",1993,1993-11-29 00:00:00,333,5.54,,108,97,11.31,1.86,42.0,131,69,25,4561,4487,7.58,26.27,4.96,1.85,10.52,1.67,0.32,0.00,,,,,,,,,,,,,,,,,,,
"K34",1994,1994-12-20 00:00:00,354,5.46,,,179,9.58,2.72,47.0,23,112,19,4492,4358,4.86,27.14,4.20,1.70,11.54,2.58,0.00,0.00,,,,,,,,,,,,,,,,,,,
"K34",1996,1996-11-20 00:00:00,325,5.76,7.45,92,203,7.84,5.46,4.0,85,140,20,4542,4797,6.82,15.43,2.49,0.93,8.23,7.66,0.08,0.00,,,,,,,,,,"E","E",,,,,,,,
"K34",1997,1997-11-10 00:00:00,314,5.94,,74,356,9.45,1.98,1.0,668,505,56,4811,4686,1.91,6.63,2.42,0.97,5.49,5.65,0.37,0.00,,,,,,,"E",,,,,"E","E",,,,,,
"K34",1998,1998-10-27 00:00:00,300,5.74,6.70,74,203,9.26,2.78,675.0,42,704,51,4604,4579,3.10,11.72,2.36,0.92,5.45,7.33,0.03,0.02,,,,,,,,,,,,,,,,,,,
"K34",1999,1999-10-29 00:00:00,302,5.82,7.45,111,241,9.08,2.33,11.0,103,305,22,5048,5643,5.47,13.79,2.15,0.76,9.15,15.41,0.08,0.00,,,,,,,,,,,,,"E",,,,,,
"K34",2000,2000-11-29 00:00:00,303,6.14,7.45,71,332,10.59,2.00,121.0,89,509,39,5265,5558,2.84,5.97,0.78,0.27,6.98,10.48,0.02,0.01,,,,,,,,,,,,,,,,,,,
"K34",2001,2001-11-05 00:00:00,309,5.83,7.41,54,393,5.30,1.56,3.0,71,83,54,5380,5436,0.80,3.58,0.76,0.25,4.46,8.81,0.28,0.01,,,,,,,,,,,,"E","E",,,,,,
"K34",2002,2002-10-28 00:00:00,301,5.96,6.08,78,159,8.35,0.87,22.0,59,381,87,5196,5265,8.16,8.64,1.24,0.41,4.78,9.65,0.75,0.02,,,,,,,,,,,,,,,,,,,
"K34",2003,2003-10-09 00:00:00,282,5.89,7.10,65,175,3.71,1.58,8.0,39,76,38,5253,,5.00,8.27,0.97,0.32,4.89,6.54,0.37,0.01,,,,,,,,,,,,,,,,,,,
"K34",2004,2004-10-20 00:00:00,294,5.73,7.44,77,194,,,20.0,49,90,34,5034,,0.53,0.51,1.09,0.33,5.71,7.20,0.05,0.00,,,,"D","D","E","E",,,,,"A","A",,,,,,
"K34",2005,2005-11-03 00:00:00,305,6.01,7.57,73,333,4.62,1.12,6.0,25,1519,258,4859,,3.22,7.53,2.77,0.95,3.54,5.28,1.70,0.09,,,,,,,,"N","N","E",,,,,,,,,
"K34",2006,2006-10-10 00:00:00,283,5.90,6.74,63,249,12.91,2.08,6.0,175,233,85,5267,,4.14,7.84,1.03,0.30,6.03,5.20,0.93,0.02,,,,,,,,,,,,,,,,,,,
"K34",2007,2007-11-01 00:00:00,305,6.17,7.22,39,192,8.96,1.72,3.0,299,329,92,5093,,1.08,3.53,1.05,0.34,2.67,3.58,0.69,0.02,,,,,,"N","N",,,,,"N","N","E","E","E","E","E","E"
"K34",2008,2008-10-28 00:00:00,302,5.68,7.04,101,70,5.55,1.71,373.0,83,26,458,4871,,15.45,6.35,3.55,1.28,5.39,7.62,0.59,0.03,,,,,,,,,,,,,,,,,,,
"K34",2009,2009-11-02 00:00:00,306,5.96,7.10,50,,,,,,,,,,,,,,,,,,,,,,,,,,,,,,,,,,,,
"K34",2010,2010-10-18 00:00:00,291,5.62,6.85,81,,,,,,,,,,,,,,,,,,,,,,,,,,,,,,,,,,,,
"K34",2011,2011-11-07 00:00:00,311,5.54,6.90,111,,,,,,,,,,,,,,,,,,,,,,,,,,,,,,,,,,,,
"K34",2012,2012-11-12 00:00:00,317,5.82,7.17,86,,,,,,,,,,,,,,,,,,,,,,,,,,,,,,,,,,,,
"K34",2013,2013-10-23 00:00:00,296,5.78,7.08,62,,,,,,,,,,,,,,,,,,,,,,,,,,,,,,,,,,,,
"K5",1984,1984-11-07 00:00:00,312,7.35,,,684,,,1.2,153,,,7969,,6.83,4.22,9.34,4.00,1.55,1.03,,,,,,,,,,,,,,,,,,,,,
"K5",1985,1985-03-16 00:00:00,75,5.23,,,256,,,,,,,806,,1.03,2.33,4.22,9.93,0.17,4.39,,,,,,,,,,"C","C",,,,,"E","E",,"E",,
"K5",1985,1985-06-01 00:00:00,152,5.62,,,204,,,3.6,308,,,833,,0.85,0.32,2.39,1.04,0.24,,,,,,,,,,,,,,,"E",,,,,,,
"K5",1985,1985-08-22 00:00:00,234,,,,,,,0.0,1259,,,4968,,4.10,0.55,8.10,4.24,0.51,3.68,,,,,,,,,,,,,,,,,,,,,
"K5",1985,1985-11-16 00:00:00,320,6.68,,,770,,,0.0,684,,,6990,,4.71,2.10,7.11,3.76,1.25,2.87,,,,,,,,,,"E",,,,,,,,,,,
"K5",1986,1986-03-01 00:00:00,60,,,,,,,,,,,,,,,,,,,,,,,,,,,,,,,,,,,,,,,
"K5",1986,1986-05-13 00:00:00,133,6.95,,,699,,,1.7,542,,,6956,,4.07,0.69,22.16,3.42,1.34,2.37,,,,,,,,,,,,,,,,,,,,,
"K5",1986,1986-09-03 00:00:00,246,7.08,,,639,,,0.5,662,,,7672,,3.42,1.09,7.22,3.44,1.43,1.87,,,,,,,,,,,,,,,,,,,,,
"K5",1986,1986-11-05 00:00:00,309,7.30,,,639,8.71,1.34,,,,,8163,,2.57,3.04,7.47,3.42,1.54,1.24,,,,,,,,,,,,,,,,,,,,,
"K5",1987,1987-11-16 00:00:00,320,7.38,,,,8.63,1.01,,,,,,,1.07,3.31,7.70,3.19,1.48,0.77,,,,,,,,,,,,,,,,,,,,"E",
"K5",1988,1988-10-27 00:00:00,301,7.53,,66,631,8.49,0.81,5.0,137,76,97,8218,7938,0.69,3.10,7.45,3.13,0.93,0.70,0.86,0.37,,,,,,,,,,,,,,,,,,,
"K5",1989,1989-10-24 00:00:00,297,7.13,,69,601,8.79,3.34,0.0,215,222,151,7373,7163,0.86,3.09,6.29,3.12,1.30,1.52,1.99,0.35,,,,,,"G","G",,,"E","E",,,,,,,,
"K5",1990,1990-11-15 00:00:00,319,7.53,,70,606,8.25,1.09,6.0,112,169,,8349,8410,0.55,2.60,7.02,2.95,1.47,0.85,1.05,0.32,,,,,,,,,,,,,"E",,,,,,
"K5",1991,1991-10-23 00:00:00,296,7.47,,67,607,8.18,0.88,0.0,131,102,134,7887,8472,0.30,2.66,7.13,2.93,1.43,0.71,0.82,0.32,,,,,,,,,,,,,,,,,,,
"K5",1992,1992-12-15 00:00:00,350,6.67,,66,563,9.52,5.04,1.0,417,159,126,8328,8068,0.40,1.04,7.37,3.09,1.42,0.63,0.59,0.24,,,,,,"GJ",,,,,,,"B",,,,,"E",
"K5",1993,1993-11-29 00:00:00,333,7.84,,72,670,8.43,0.72,0.0,85,144,111,8361,8344,0.45,2.87,7.85,3.15,1.46,0.45,0.27,0.18,,,,,,,,,,,,,"E",,,,,,
"K5",1994,1994-12-20 00:00:00,354,,,,739,8.82,1.35,49.0,69,141,63,5532,5465,0.81,6.15,8.93,3.66,1.58,0.59,0.11,0.15,,,,,,,,,,,,,,,,,,,
"K5",1996,1996-11-20 00:00:00,325,8.10,8.48,79,652,9.20,1.16,0.0,111,18,6,7338,7643,0.47,3.75,7.73,3.36,1.43,0.63,0.01,0.16,,,,,,,,,,"E","E",,,,,,,,
"K5",1997,1997-11-10 00:00:00,314,8.01,,51,657,8.54,1.36,6.0,67,90,79,8037,9153,0.43,3.74,8.27,3.78,1.57,0.81,1.42,0.12,,,,,,,,,,,,,,,,,,,
"K5",1998,1998-10-27 00:00:00,300,7.88,7.56,74,634,8.61,1.55,9.0,52,132,122,9578,9545,0.50,3.68,7.76,3.56,1.51,0.67,1.00,0.18,,,,,,,,,,,,,,,,,,,
"K5",1999,1999-10-29 00:00:00,302,7.16,7.98,79,645,11.04,4.82,28.0,79,293,30,5114,5821,0.61,4.13,8.60,3.58,1.65,0.72,0.01,0.11,,,,,,,,,,,,,,,,,,,
"K5",2000,2000-11-29 00:00:00,303,7.73,7.36,82,665,8.69,1.36,34.0,90,305,112,10695,11568,0.50,3.32,8.80,4.06,1.60,0.92,2.28,0.21,,,,,,,,,,,,,,,,,,,
"K5",2001,2001-11-05 00:00:00,309,7.94,7.80,72,627,8.17,0.78,13.0,92,43,103,8092,8261,0.27,2.71,7.77,3.17,1.40,0.42,0.01,0.17,,,,,,,,,,,,,,,,,,,
"K5",2002,2002-10-28 00:00:00,301,7.80,7.76,74,626,8.06,0.58,0.0,68,48,100,8155,8219,0.23,2.66,7.78,3.20,1.52,0.57,0.00,0.17,,,,,,,,,,,,,,,,,,,
"K5",2003,2003-10-09 00:00:00,282,7.58,7.94,72,692,8.72,0.94,3.0,66,72,98,8270,,0.47,3.50,7.09,3.19,1.40,0.43,0.04,0.20,,,,,,,,,,,,,,,,,,,
"K5",2004,2004-10-20 00:00:00,294,7.78,7.99,72,778,,,1.0,56,59,95,8089,,0.03,0.10,7.67,3.21,1.38,0.42,0.04,0.21,,,,"D","D",,,,,,,"A","A",,,,,,
"K5",2005,2005-11-03 00:00:00,305,7.99,7.80,72,621,5.23,0.83,0.0,46,79,101,7956,,0.34,3.74,7.09,3.01,1.33,0.38,0.03,0.20,,,,,,,,,,,,,,,,,,,
"K5",2006,2006-10-10 00:00:00,283,7.70,7.74,68,604,7.16,0.65,1.0,45,41,92,8162,,0.37,3.59,7.82,3.15,1.33,0.40,0.03,0.21,,,,,,,,,,,,,,,,,,,
"K5",2007,2007-11-01 00:00:00,305,7.86,8.00,71,613,7.69,0.79,20.0,696,741,129,8302,,0.36,2.80,7.18,3.01,1.50,0.55,0.30,0.28,,,,,,"N","N",,,,,,,,,,,,
"K5",2008,2008-10-28 00:00:00,302,7.50,7.59,75,568,7.82,1.07,40.0,29,122,413,7970,,0.02,2.03,7.55,3.15,1.46,0.40,0.20,0.24,,,,,,,,,,,,,,,,,,,
"K5",2009,2009-11-02 00:00:00,306,7.74,7.72,68,,,,,,,,,,,,,,,,,,,,,,,,,,,,,,,,,,,,
"K5",2010,2010-10-18 00:00:00,291,7.86,7.72,69,,,,,,,,,,,,,,,,,,,,,,,,,,,,,,,,,,,,
"K5",2011,2011-11-07 00:00:00,311,7.92,7.89,69,,,,,,,,,,,,,,,,,,,,,,,,,,,,,,,,,,,,
"K5",2012,2012-11-12 00:00:00,317,7.67,7.68,70,,,,,,,,,,,,,,,,,,,,,,,,,,,,,,,,,,,,
"K5",2013,2013-10-23 00:00:00,296,7.99,7.79,68,,,,,,,,,,,,,,,,,,,,,,,,,,,,,,,,,,,,
"K6",1984,1984-11-07 00:00:00,312,5.43,,,122,,,3.3,68,,,5540,,0.47,5.61,1.85,0.84,1.93,0.78,,,,,,,,,,,,,,,,,,,,,
"K6",1985,1985-03-16 00:00:00,75,,,,,,,7.9,74,,,,,0.94,2.69,,,,,,,,,,,,,,,,,,"A",,,,,,,
"K6",1985,1985-06-01 00:00:00,152,5.89,,,217,,,0.0,57,,,4802,,0.63,7.84,2.14,0.91,1.66,1.27,,,,,,,,,,,,,,,,,,,,,
"K6",1985,1985-08-22 00:00:00,234,,,,,,,7.4,59,,,5615,,1.01,7.39,2.16,0.96,1.64,0.98,,,,,,,,,,,,,,,,,,,,,
"K6",1985,1985-11-16 00:00:00,320,5.64,,,156,,,0.0,50,,,5360,,0.61,7.21,2.06,0.84,1.73,0.81,,,,,,,,,,"E","E",,,,,,,,,"E",
"K6",1986,1986-03-01 00:00:00,60,,,,,,,,,,,,,,,,,,,,,,,,,,,,,,,,,,,,,,,
"K6",1986,1986-05-13 00:00:00,133,5.76,,,138,,,0.0,49,,,4799,,0.74,6.72,1.94,0.86,1.69,0.66,,,,,,,,,,,,,,,,,,,,,
"K6",1986,1986-09-03 00:00:00,246,5.79,,,145,,,15.3,61,,,5700,,0.73,6.79,2.12,0.87,1.86,0.78,,,,,,,,,,,,,,,,,,,,,
"K6",1986,1986-11-05 00:00:00,309,5.77,,,157,8.23,1.07,,,,,5496,,0.83,6.44,1.96,1.00,1.71,0.70,,,,,,,,,,,,,,,,,,,,,
"K6",1987,1987-11-16 00:00:00,320,5.80,,,,8.78,1.06,,,,,,,0.65,7.13,2.29,,1.53,0.68,,,,,,,,,,,,,,,,,,,,,
"K6",1988,1988-10-27 00:00:00,301,6.03,,36,149,8.54,1.41,0.0,87,59,25,5768,5049,0.61,6.97,1.82,0.73,1.57,0.79,3.70,0.06,,,,,,,,,,,,,,,,,,,
"K6",1989,1989-10-24 00:00:00,297,6.30,,46,157,4.71,4.10,3.0,120,162,53,5985,5788,0.82,7.38,2.79,1.14,1.43,0.92,4.10,0.11,,,,,,"G","G",,,,,,,,,,"E",,
"K6",1990,1990-11-15 00:00:00,319,5.90,,39,139,6.85,2.39,3.0,126,187,54,6088,6044,0.96,6.80,2.20,0.92,1.76,0.82,1.62,0.07,,,,,,,,,,,,,,,,,,"E",
"K6",1991,1991-10-23 00:00:00,296,6.31,,43,153,8.15,4.21,1.0,374,422,144,6289,6230,1.75,8.21,3.33,1.21,1.59,0.82,,0.13,,,,,,,,,,,,,,,,,,,
"K6",1992,1992-12-15 00:00:00,350,6.29,,61,89,10.45,2.25,2.0,103,197,112,6132,5890,0.95,9.46,3.33,1.28,1.54,0.75,8.88,0.16,,,,,,"G",,,,,,,"B",,,,,,
"K6",1993,1993-11-29 00:00:00,333,6.46,,61,183,11.53,4.01,0.0,316,318,234,5921,5721,0.80,8.77,3.62,1.37,1.43,1.05,13.03,0.21,,,,,,,,,,,"E",,"E",,,,,,
"K6",1994,1994-12-20 00:00:00,354,6.81,,,238,4.81,2.77,6.0,384,511,265,5860,5782,0.76,6.19,3.75,1.55,1.49,1.06,13.43,0.23,,,,,,,,,,,,,,,,,,,
"K6",1996,1996-11-20 00:00:00,325,6.58,7.11,41,171,6.09,3.71,8.0,325,58,45,6296,6457,0.89,7.09,2.62,0.95,1.38,0.87,10.28,0.14,,,,,,,,,,"E","E",,,,,,,,
"K6",1997,1997-11-10 00:00:00,314,6.08,,36,136,7.82,1.19,4.0,94,90,79,6543,6870,0.83,6.93,2.64,1.10,1.59,0.94,7.42,0.09,,,,,,,,,,,,,,,,,,,
"K6",1998,1998-10-27 00:00:00,300,6.02,6.83,36,143,8.62,1.16,4.0,106,120,71,6676,6429,0.89,6.31,2.53,1.05,1.65,0.80,5.77,0.09,,,,,,,,,,,,,,,,,,,
"K6",1999,1999-10-29 00:00:00,302,5.96,6.88,31,127,7.01,0.95,7.0,110,288,55,6563,7064,0.72,4.53,2.44,0.97,1.56,0.81,7.06,0.09,,,,,,,,,,,,,,,,,,,
"K6",2000,2000-11-29 00:00:00,303,6.17,6.76,32,123,7.67,1.08,4.0,54,178,22,6148,6043,0.75,5.26,2.39,0.93,1.45,0.64,5.31,0.08,,,,,,,,,,,,,,,,,,,
"K6",2001,2001-11-05 00:00:00,309,6.18,7.02,33,101,2.13,1.17,14.0,85,100,76,6200,6164,0.49,6.06,2.38,0.89,1.41,0.68,5.89,0.07,,,,,,,,,,,,,,,,,,,
"K6",2002,2002-10-28 00:00:00,301,6.01,6.88,43,107,8.58,1.21,0.0,76,78,76,6074,6036,0.47,6.05,2.32,0.89,1.38,0.63,5.30,0.08,,,,,,,,,,,,,,,,,,,
"K6",2003,2003-10-09 00:00:00,282,6.16,6.74,34,94,2.50,1.18,4.0,43,76,51,6300,,0.79,6.72,2.16,0.90,1.26,0.63,4.52,0.07,,,,,,,,,,,,,,,,,,,
"K6",2004,2004-10-20 00:00:00,294,5.97,6.94,40,253,,,33.0,274,75,61,6267,,0.09,0.40,2.25,0.88,1.30,0.59,4.51,0.07,,,,"D","D",,,,,,,"A","A",,,,,,
"K6",2005,2005-11-03 00:00:00,305,6.13,6.67,33,90,10.93,1.86,4.0,82,76,65,6365,,0.56,6.98,2.20,0.85,1.27,0.58,5.55,0.07,,,,,,"E","E",,,,,,,,,,,,
"K6",2006,2006-10-10 00:00:00,283,6.38,6.66,34,239,6.26,1.45,2.0,63,120,74,6645,,0.71,7.36,2.55,0.94,1.34,0.60,6.18,0.08,,,,,,,,,,,,,,,,,,,
"K6",2007,2007-11-01 00:00:00,305,6.38,6.90,31,,,,,,180,37,5153,,,,2.23,0.66,1.46,0.62,5.01,0.04,,,"D","D","D","C","C","E","E",,,"C","C",,,,,,
"K6",2008,2008-10-28 00:00:00,302,,,,,,,,,,,,,,,,,,,,,"C","C",,,,,,,,,,,,,,,,,
"K6",2009,2009-11-02 00:00:00,306,,,,,,,,,,,,,,,,,,,,,"C","C",,,,,,,,,,,,,,,,,
"K6",2010,2010-10-18 00:00:00,291,5.37,6.59,32,,,,,,,,,,,,,,,,,,,,,,,,,,,,,,,,,,,,
"K6",2011,2011-11-07 00:00:00,311,,,,,,,,,,,,,,,,,,,,,"C","C",,,,,,,,,,,,,,,,,
"K6",2012,2012-11-12 00:00:00,317,,,,,,,,,,,,,,,,,,,,,"C","C",,,,,,,,,,,,,,,,,
"K6",2013,2013-10-23 00:00:00,296,,,,,,,,,,,,,,,,,,,,,"C","C",,,,,,,,,,,,,,,,,
"K75",1984,1984-11-07 00:00:00,312,5.97,,,174,,,1.5,27,,,4284,,0.55,5.15,2.87,0.64,1.20,0.61,,,,,,,,,,,,,,,,,,,,,
"K75",1985,1985-03-16 00:00:00,75,6.05,,,147,,,32.7,29,,,4307,,0.55,4.60,2.59,,1.07,0.79,,,,,,,,,,"E","E",,,,,,,,,"E",
"K75",1985,1985-06-01 00:00:00,152,,,,122,,,41.8,31,,,3722,,0.43,4.31,1.67,0.63,1.10,0.54,,,,,,,,,,,,,,,,"E","E",,,"E",
"K75",1985,1985-08-22 00:00:00,234,,,,,,,0.0,44,,,4053,,0.45,4.12,2.29,0.50,1.13,0.50,,,,,,,,,,,,,,,,,,"E",,"E",
"K75",1985,1985-11-16 00:00:00,320,5.98,,,164,,,0.0,20,,,4203,,0.53,3.83,2.15,0.51,1.20,0.50,,,,,,,,,,,"E",,,,,,,,,,
"K75",1986,1986-03-01 00:00:00,60,,,,,,,,,,,,,,,,,,,,,,,,,,,,,,,,,,,,,,,
"K75",1986,1986-05-13 00:00:00,133,6.17,,,150,,,2.0,10,,,3811,,0.48,4.28,2.21,0.50,1.21,0.51,,,,,,,,,,,,,,,,,,,,,
"K75",1986,1986-09-03 00:00:00,246,6.19,,,164,,,0.3,15,,,3928,,0.54,4.23,3.41,0.59,1.59,0.59,,,,,,,,,,,,,,,,,,,,,
"K75",1986,1986-11-05 00:00:00,309,6.22,,,121,3.62,0.35,,,,,4019,,0.61,4.50,2.01,0.45,0.54,0.58,,,,,,,,,,,,,,,,,,,,,
"K75",1987,1987-11-16 00:00:00,320,6.28,,,,6.36,0.66,,,,,,,0.50,5.20,3.28,0.66,1.16,0.55,,,,,,,,,,,,,,,,,,,,,
"K75",1988,1988-10-27 00:00:00,301,6.21,,32,178,6.91,0.80,0.0,51,93,16,4900,4235,0.57,5.33,3.13,0.65,1.15,0.54,1.57,0.00,,,,,,,,,,,,,,,,,,,
"K75",1989,1989-10-24 00:00:00,297,5.97,,33,155,4.27,1.80,1.0,38,58,10,5101,4696,0.64,4.92,2.29,0.52,1.07,0.49,2.66,0.00,,,,,,"G","G",,,,,,,,,,,,
"K75",1990,1990-11-15 00:00:00,319,6.08,,43,155,5.76,1.76,0.0,64,129,13,5000,5023,1.07,7.98,2.38,0.59,1.29,0.52,3.87,0.04,,,,,,,,,,,,,,,,,,,
"K75",1991,1991-10-23 00:00:00,296,6.08,,29,219,7.95,0.74,0.0,38,41,35,5162,5065,0.73,5.64,2.65,0.66,1.35,0.58,,0.05,,,,,,,,,,,"E",,,,,,,,
"K75",1992,1992-12-15 00:00:00,350,6.06,,43,105,9.49,0.73,1.0,36,47,22,5262,5031,0.48,6.03,2.48,0.71,1.43,0.60,4.61,0.04,,,,,,"G",,,,"E","E",,"B","E",,,,,
"K75",1993,1993-11-29 00:00:00,333,6.09,,45,166,10.46,0.85,0.0,85,37,18,5141,4950,0.59,6.33,2.85,0.72,1.51,0.57,4.94,0.00,,,,,,,,,,,,,"E",,,,,,
"K75",1994,1994-12-20 00:00:00,354,6.65,,,229,3.55,1.53,2.0,85,137,9,5149,4912,0.68,5.01,2.80,0.85,1.57,0.80,4.81,0.00,,,,,,,,"E","E",,,,,,,,,,
"K75",1996,1996-11-20 00:00:00,325,5.77,6.72,31,118,5.95,1.00,8.0,55,36,29,9585,9857,0.73,5.28,3.03,1.08,1.33,1.22,4.70,0.03,,,,,,,,,,"E","E",,,,,,,,
"K75",1997,1997-11-10 00:00:00,314,6.12,,21,109,2.89,0.37,1.0,21,20,14,4154,3892,0.51,3.84,1.59,0.34,0.96,0.51,1.69,0.01,,,,,,,,,,,,,,,,,,,
"K75",1998,1998-10-27 00:00:00,300,6.14,7.09,29,131,5.01,1.25,2.0,59,46,20,8860,4676,0.88,4.30,2.51,0.62,1.11,0.88,1.61,0.02,,,,,,,,,,,,,,,,,,,
"K75",1999,1999-10-29 00:00:00,302,6.08,7.19,27,228,4.38,0.64,4.0,44,226,18,5048,5909,0.68,3.75,2.64,0.54,1.10,0.56,2.07,0.01,,,,,,,,,,,,,,,,,,,
"K75",2000,2000-11-29 00:00:00,303,5.78,6.37,35,62,7.54,0.97,6.0,46,167,9,6623,6915,0.95,4.69,2.33,0.65,1.52,0.81,2.46,0.03,,,,,,,,,,,,,,"E","E","E","E",,"E"
"K75",2001,2001-11-05 00:00:00,309,5.97,7.09,39,100,1.99,1.01,2.0,67,130,34,5632,5650,1.11,5.92,2.74,0.74,4.68,0.98,4.02,0.05,,,,,,,,,,,,,,,,,,,
"K75",2002,2002-10-28 00:00:00,301,6.08,6.69,42,120,3.73,2.18,0.0,56,43,28,6389,6506,0.58,6.22,2.58,0.74,1.59,0.64,4.81,0.04,,,,,,,,,,,,,,,,,,,
"K75",2003,2003-10-09 00:00:00,282,6.16,6.28,43,145,4.31,0.65,6.0,87,34,18,4822,,,,,,,,,,,,,,,"E","E",,,,,"C","C","C","C","C","C","C","C"
"K75",2004,2004-10-20 00:00:00,294,6.01,6.97,34,218,3.56,0.78,109.0,37,34,23,4873,,0.18,0.25,2.27,0.57,1.34,0.46,3.80,0.03,,,,,,,,,,,,"A","A","E","E","E","E","E","E"
"K75",2005,2005-11-03 00:00:00,305,6.05,6.81,36,110,5.40,0.44,2.0,44,41,29,4964,,0.67,4.80,2.25,0.60,1.35,0.55,4.49,0.03,,,,,,,,,,"E",,"E","E",,,,,,
"K75",2006,2006-10-10 00:00:00,283,6.05,7.63,32,230,9.54,0.93,2.0,39,66,26,5198,,0.66,4.84,2.16,0.58,1.29,0.52,4.77,0.03,,,,,,,,"E","E",,,"E",,,,,,,
"K75",2007,2007-11-01 00:00:00,305,6.25,6.38,39,62,7.69,1.24,2.0,49,,,,,0.68,5.89,,,,,,,,,,,,,,"C","C","C","C",,,"C","C","C","C","C","C"
"K75",2008,2008-10-28 00:00:00,302,6.01,6.82,29,110,4.42,1.44,8.0,41,46,51,5156,,0.02,3.96,2.26,0.69,1.46,0.55,5.04,0.04,,,,,,,,,,,,,,,,,,,
"K75",2009,2009-11-02 00:00:00,306,6.04,6.59,31,,,,,,,,,,,,,,,,,,,,,,,,,,,,,,,,,,,,
"K75",2010,2010-10-18 00:00:00,291,,,,,,,,,,,,,,,,,,,,,,,,,,,,,,,,,,,,,,,
"K75",2011,2011-11-07 00:00:00,311,,,,,,,,,,,,,,,,,,,,,,,,,,,,,,,,,,,,,,,
"K75",2012,2012-11-12 00:00:00,317,,,,,,,,,,,,,,,,,,,,,,,,,,,,,,,,,,,,,,,
"K75",2013,2013-10-23 00:00:00,296,,,,,,,,,,,,,,,,,,,,,,,,,,,,,,,,,,,,,,,
"K9",1984,1984-11-07 00:00:00,312,6.79,,,752,,,35.4,34,,,9556,,0.48,5.61,8.14,3.61,2.11,0.58,,,,,,,,,,,,,,,,,,,,,
"K9",1985,1985-03-16 00:00:00,75,6.81,,,,,,,,,,9516,,0.35,3.26,8.23,12.60,2.07,0.60,,,,,"C",,,,,"C","C",,,,,,,,"E","E",
"K9",1985,1985-06-01 00:00:00,152,6.86,,,713,,,0.0,60,,,9630,,0.40,4.82,8.41,3.62,2.16,0.70,,,,,,,,,,,,,,,,,,,,,
"K9",1985,1985-08-22 00:00:00,234,,,,,,,0.0,48,,,9693,,0.42,4.47,8.53,3.65,2.22,0.62,,,,,,,,,,,,,,,,,,,,,
"K9",1985,1985-11-16 00:00:00,320,6.80,,,744,,,0.0,36,,,9745,,0.43,4.25,8.02,1.07,2.18,0.61,,,,,,,,,,"E","E",,,,,,,,,"E",
"K9",1986,1986-03-01 00:00:00,60,,,,,,,,,,,,,,,,,,,,,,,,,,,,,,,,,,,,,,,
"K9",1986,1986-05-13 00:00:00,133,6.95,,,717,,,3.3,27,,,9380,,0.38,4.20,8.33,3.65,2.07,0.52,,,,,,,,,,,,,,,,,,,,,
"K9",1986,1986-09-03 00:00:00,246,7.01,,,660,,,1.2,23,,,9520,,0.35,3.72,8.07,3.51,2.14,0.55,,,,,,,,,,,,,,,,,,,,,
"K9",1986,1986-11-05 00:00:00,309,6.97,,,686,10.18,0.87,,,,,9679,,0.43,4.77,8.29,3.65,2.11,0.51,,,,,,,,,,,,,,,,,,,,,
"K9",1987,1987-11-16 00:00:00,320,6.98,,,,10.44,0.78,,,,,,,0.31,4.89,8.27,3.49,2.04,0.52,,,,,,,,,,,,,,,,,,,"E",,"E"
"K9",1988,1988-10-27 00:00:00,301,6.94,,74,681,11.18,0.87,9.0,11,0,24,10209,9060,0.55,5.07,,3.51,2.13,0.55,0.00,0.00,,,,,,,,,,,,,,,,,,,
"K9",1989,1989-10-24 00:00:00,297,6.91,,82,660,10.40,4.08,1.0,6,19,32,11027,,0.83,5.16,8.07,3.48,2.23,0.57,0.10,0.00,,,,,,"G","G",,,,,"H","H","E","E",,,,
"K9",1990,1990-11-15 00:00:00,319,6.77,,81,636,10.79,1.09,8.0,73,208,23,10163,9179,0.63,5.41,8.04,3.34,2.32,0.57,0.09,0.00,,,,,,,,,,,,"H","H","E","E",,,,
"K9",1991,1991-10-23 00:00:00,296,6.88,,81,662,10.42,1.17,14.0,12,32,29,,10010,0.51,6.15,8.88,3.50,2.19,0.54,0.07,0.04,,,,,,,,,,,,,,,,,,,
"K9",1992,1992-12-15 00:00:00,350,6.82,,79,648,10.70,1.27,25.0,65,130,37,9980,9759,0.50,5.62,7.90,3.50,2.18,0.60,0.11,0.00,,,,,,"G",,,,,,,"B",,,,,,
"K9",1993,1993-11-29 00:00:00,333,6.82,,84,703,11.43,1.73,20.0,65,19,29,9381,9494,0.50,5.92,8.73,3.58,2.18,0.57,0.08,0.00,,,,,,,,"E","E",,,,,,,,,,
"K9",1994,1994-12-20 00:00:00,354,6.83,,,745,10.44,0.86,23.0,13,61,17,8978,8947,0.51,6.15,9.46,3.89,2.35,0.63,0.00,0.00,,,,,,,,,,"E","E",,,,,,,,
"K9",1996,1996-11-20 00:00:00,325,7.03,8.04,87,679,9.39,0.88,32.0,19,188,130,9393,9778,0.58,7.07,8.63,3.69,2.16,0.59,0.00,0.06,,,,,,,,,,"E","E",,,,,,,,
"K9",1997,1997-11-10 00:00:00,314,7.09,,94,738,10.48,1.00,16.0,11,110,199,24796,23050,0.53,6.92,11.97,7.08,2.88,2.16,11.33,0.29,,,,,,,,,,,,,,,,,,,
"K9",1998,1998-10-27 00:00:00,300,6.91,7.86,90,699,10.64,0.91,20.0,13,0,32,9800,9642,0.51,7.81,8.90,3.93,2.21,0.60,0.00,0.00,,,,,,,,,,,,,,,,,,,
"K9",1999,1999-10-29 00:00:00,302,7.04,7.98,86,666,9.85,0.87,36.0,11,221,12,10450,10884,0.48,6.36,9.01,3.74,2.44,0.64,0.02,0.19,,,,,,,,,,,,,,,,,,,
"K9",2000,2000-11-29 00:00:00,303,6.85,7.42,81,621,10.05,0.83,5.0,38,151,51,13206,13798,0.48,6.04,8.35,3.74,2.43,0.78,1.42,0.08,,,,,,,,,,,,,,,,,,,
"K9",2001,2001-11-05 00:00:00,309,6.78,7.77,82,614,8.20,0.99,20.0,44,17,32,10236,10273,0.26,6.73,8.32,3.35,2.39,0.58,0.01,0.01,,,,,,,,,,,,,,,,,,,
"K9",2002,2002-10-28 00:00:00,301,6.73,6.83,81,592,3.56,2.98,16.0,2,68,21,10189,9608,0.32,7.33,7.87,3.26,2.18,0.56,0.00,0.00,,,,,,,,,,,,"E","E","E","E","E","E","E",
"K9",2003,2003-10-09 00:00:00,282,6.87,7.40,85,647,9.25,0.77,9.0,7,34,23,9625,,0.45,7.82,7.86,3.51,2.26,0.59,0.01,0.00,,,,,,,,,,,,,,,,,,,
"K9",2004,2004-10-20 00:00:00,294,6.83,7.87,81,597,8.28,1.32,40.0,109,24,18,9322,,0.02,0.64,8.05,3.33,2.15,0.54,0.00,0.00,,,,,,,,,,,,"A","A",,,,,,
"K9",2005,2005-11-03 00:00:00,305,6.76,7.88,79,613,7.86,56.82,16.0,3,65,25,9167,,0.30,7.48,8.00,3.26,2.18,0.54,0.00,0.00,,,,,"KH",,,,,,,,,"E","E","E","E","E","E"
"K9",2006,2006-10-10 00:00:00,283,6.78,7.64,77,584,9.62,0.87,11.0,15,21,22,9145,,0.30,7.31,8.45,3.34,2.06,0.54,0.04,0.00,,,,,,,,,,,,,,,,,,,
"K9",2007,2007-11-01 00:00:00,305,6.81,7.84,80,170,10.38,2.06,14.0,24,153,12,5853,,0.70,8.92,4.37,1.37,1.97,0.76,0.07,0.00,,,"N",,,,,,,"E",,,,,,,,,
"K9",2008,2008-10-28 00:00:00,302,6.82,7.54,79,625,8.60,1.06,24.0,13,38,44,8894,,0.02,6.55,8.70,3.48,2.18,0.61,0.03,0.00,,,,,,,,,,,,,,,,,,,
"K9",2009,2009-11-02 00:00:00,306,6.93,7.71,83,,,,,,,,,,,,,,,,,,,,,,,,,,,,,,,,,,,,
"K9",2010,2010-10-18 00:00:00,291,6.81,7.80,84,,,,,,,,,,,,,,,,,,,,,,,,,,,,,,,,,,,,
"K9",2011,2011-11-07 00:00:00,311,6.98,7.87,84,,,,,,,,,,,,,,,,,,,,,,,,,,,,,,,,,,,,
"K9",2012,2012-11-12 00:00:00,317,6.75,7.88,82,,,,,,,,,,,,,,,,,,,,,,,,,,,,,,,,,,,,
"K9",2013,2013-10-23 00:00:00,296,6.83,7.92,83,,,,,,,,,,,,,,,,,,,,,,,,,,,,,,,,,,,,
